"DESCRIPTION","DURATION IN MS","NAME","PARENT SUITE","START TIME","STATUS","STOP TIME","SUB SUITE","SUITE","TEST CLASS","TEST METHOD"
"","1258","get started link","webkit","2026-02-05","passed","2026-02-05","","example.spec.js","",""
"","1018","has title","webkit","2026-02-05","passed","2026-02-05","","example.spec.js","",""
"","2132","verify the error message with locked_out_user","firefox","2026-02-05","passed","2026-02-05","Q1-Try login with locked_out_user and verify the error message.","specFile\login.spec.js","",""
"","1432","verify the error message with locked_out_user","webkit","2026-02-05","passed","2026-02-05","Q1-Try login with locked_out_user and verify the error message.","specFile\login.spec.js","",""
"","3275","get started link","firefox","2026-02-05","passed","2026-02-05","","example.spec.js","",""
"","2414","has title","firefox","2026-02-05","passed","2026-02-05","","example.spec.js","",""
"","1774","has title","chromium","2026-02-05","passed","2026-02-05","","example.spec.js","",""
"","2320","get started link","chromium","2026-02-05","passed","2026-02-05","","example.spec.js","",""
"","4058","verify the error message with locked_out_user","chromium","2026-02-05","passed","2026-02-05","Q1-Try login with locked_out_user and verify the error message.","specFile\login.spec.js","",""
